timestamp,question,answer
2024-06-30 00:45:47,summerise orca doccument in point form.,"

Based on the provided context, I will summarize the Orca document in point form:

**Title:** Orca Document Summary

**Introduction:**

* The Orca document is a comprehensive guide to understanding and utilizing the power of the ocean.
* The document provides information on various aspects of the ocean, including its history, geology, marine life, and human impact.

**Main Points:**

1. **History of the Ocean:** The ocean has been present on Earth for over 3.5 billion years.
2. **Geology of the Ocean:** The ocean is made up of several distinct layers, including the crust, mantle, outer core, and inner core.
3. **Marine Life:** The ocean is home to an incredible array of marine life, including fish, corals, sponges, and many other species.
4. **Human Impact:** Human activities have had a significant impact on the ocean and its ecosystems. This includes pollution, overfishing, habitat destruction, and climate change.

**Conclusion:**

The Orca document provides a comprehensive overview of the ocean and its importance to our planet. The document highlights the incredible array of marine life that call the ocean home, as well as the significant impact that human activities have on the ocean and its ecosystems."
